text,label
"Jokic changes Denver's offense because his passing forces weak-side defenders to guard cutters instead of helping on Murray.",insightful
"The Celtics are hard to guard because five-out spacing turns every late rotation into either a corner three or a mismatch drive.",insightful
"Brunson gets efficient looks because New York uses screens to force slower defenders onto him before he attacks the middle.",insightful
"Anthony Edwards is improving as a playmaker because he is reading the low man earlier instead of forcing contested drives.",insightful
"OKC's defense works because their guards pressure the ball while Chet protects the rim without needing constant help.",insightful
"The Lakers look better when Davis is involved early because it forces the defense to collapse and opens shooters on the perimeter.",insightful
"Haliburton's value is not just assists; his pace forces defenses to make decisions before they are fully set.",insightful
"The Nuggets punish switching because Jokic can post smaller defenders and also pass over double teams before they arrive.",insightful
"Miami survives offensively because their off-ball movement creates advantages even when they do not have elite isolation scorers.",insightful
"The Knicks' rebounding matters because extra possessions hide some of their half-court offensive limitations.",insightful
"Dallas is more dangerous when Luka gives the ball up early because Kyrie can attack a defense that is already rotating.",insightful
"Giannis is still elite even without a reliable jumper because his rim pressure bends the entire defensive scheme.",insightful
"The Wolves' size matters because it lets them contest shots without sending extra help every possession.",insightful
"Golden State struggles when Draymond is not aggressive as a passer because defenders start ignoring him away from the ball.",insightful
"Embiid's midrange game changes playoff matchups because centers have to step up instead of camping in the paint.",insightful
"Boston's defense is strong because Jrue and White can switch across guard actions without giving up easy penetration.",insightful
"The Suns need more off-ball screening because too many possessions become late-clock isolations.",insightful
"The Pacers can win shootouts because their early offense creates threes before defenses identify matchups.",insightful
"Cleveland's two-big lineup works best when Mobley is used as a passer instead of standing in the dunker spot.",insightful
"The Clippers are at their best when Harden organizes the offense and Kawhi saves energy for high-value possessions.",insightful
"Orlando's defense is ahead of its offense because their length creates turnovers but their spacing still gets cramped.",insightful
"San Antonio should use Wembanyama more as a screener because his roll gravity creates open threes even without a touch.",insightful
"The Kings' offense depends on Sabonis because his dribble handoffs create rhythm for shooters like Monk and Murray.",insightful
"Milwaukee's transition defense is a bigger concern than their half-court offense because missed threes turn into easy points.",insightful
"Memphis needs Ja's rim pressure because it creates easier shots for role players who struggle to self-create.",insightful
"Toronto's offense looks better when Scottie initiates because he can see over defenders and hit cutters.",insightful
"Houston's improvement starts with defense because their young guards are finally fighting over screens consistently.",insightful
"New Orleans is dangerous when Zion attacks early because defenses have not loaded up in the paint yet.",insightful
"The Bulls get predictable late in games because too many possessions end in contested midrange shots.",insightful
"Atlanta's problem is not only Trae's defense; their point-of-attack containment breaks down too often.",insightful
"Philadelphia needs Maxey's speed because it prevents defenses from loading every coverage toward Embiid.",insightful
"Portland should prioritize development possessions over short-term wins because their guards need reps making reads.",insightful
"Brooklyn lacks a true advantage creator, which is why their offense often depends on tough shot-making.",insightful
"Utah's spacing improves when Markkanen plays more off movement because defenders cannot stay attached to him.",insightful
"Detroit's young guards need clearer roles because too many possessions have poor spacing and late decisions.",insightful
"The Warriors' motion offense only works when the screeners are real passing threats.",insightful
"The Mavericks' corner spacing is crucial because Luka attracts two defenders whenever he turns the corner.",insightful
"The Thunder are difficult to prepare for because Shai creates paint touches without needing heavy screen usage.",insightful
"The Celtics can survive cold shooting nights because their defensive versatility keeps them in games.",insightful
"The Heat generate playoff offense by attacking specific weak defenders over and over instead of running random sets.",insightful
"The Knicks' physicality changes games because they make opponents work for every rebound and loose ball.",insightful
"The Lakers need consistent guard shooting because teams can otherwise crowd Davis and LeBron in the paint.",insightful
"The Nuggets' bench minutes are important because their starters cannot carry every offensive creation burden.",insightful
"The Bucks should involve Middleton more as a connector because he stabilizes possessions between Dame and Giannis actions.",insightful
"The Clippers' half-court offense improves when Kawhi catches the ball at the elbow instead of starting every play from the wing.",insightful
"The Magic need more shooting before their young creators can be judged fairly.",insightful
"The Timberwolves' defense is built to handle elite wings because McDaniels and Edwards can take tough assignments.",insightful
"The Pelicans are at their best when Ingram makes quick decisions instead of holding the ball against loaded help.",insightful
"The Cavs need Garland to pressure the rim because Mitchell cannot be the only player forcing rotations.",insightful
"The Raptors' transition offense is their best weapon because Barnes can rebound and start the break himself.",insightful
"Trade the whole roster after that loss because this team is completely finished.",reactionary
"This coach should be fired tonight after one bad fourth quarter.",reactionary
"That loss proves they are never winning anything with this core.",reactionary
"He had one bad game, so the contract is already a disaster.",reactionary
"The season is over if they cannot beat a team like that in November.",reactionary
"Blow it up because nobody on this team has any heart.",reactionary
"They should bench the star player because he missed shots in the clutch.",reactionary
"This team is cooked and there is no reason to watch another game.",reactionary
"He is officially washed after that performance.",reactionary
"They will get swept in the first round if they play like this once.",reactionary
"That rookie is a bust because he had a terrible shooting night.",reactionary
"Everyone on the bench needs to be cut immediately.",reactionary
"This front office should be embarrassed for building this roster.",reactionary
"They are frauds and the standings are lying.",reactionary
"No serious team loses that game, so the season is basically done.",reactionary
"The coach has no idea what he is doing because they lost by double digits.",reactionary
"This player is not a superstar if he cannot win every close game.",reactionary
"They should trade him before the rest of the league realizes he is overrated.",reactionary
"That one turnover tells me he will never be a winning player.",reactionary
"This team has no future if they keep playing like that.",reactionary
"Cancel the parade because they looked awful tonight.",reactionary
"They should tank immediately after this embarrassing game.",reactionary
"The entire defense is trash because they gave up one big run.",reactionary
"He is the worst max player in the league after tonight.",reactionary
"That performance proves last season was a fluke.",reactionary
"There is no way this team makes the playoffs after that collapse.",reactionary
"They need to rebuild because the vibes are dead.",reactionary
"One injury and now the whole season is pointless.",reactionary
"The star player does not care about winning at all.",reactionary
"This team has zero leadership and zero talent.",reactionary
"That loss was so bad they should trade every veteran tomorrow.",reactionary
"He missed a free throw, so he is not built for big moments.",reactionary
"The coach lost the locker room after one bad timeout.",reactionary
"This team is fake good and everyone should apologize for hyping them.",reactionary
"They are not contenders because they lost one regular season game.",reactionary
"The rookie looked lost, so the draft pick was a total waste.",reactionary
"He is done as an elite player after that ugly box score.",reactionary
"Nobody on this team deserves to wear the jersey after that game.",reactionary
"That was the worst performance I have ever seen from a supposed contender.",reactionary
"They should shut the star down and start over.",reactionary
"This game proves the conference is too strong for them.",reactionary
"He cannot be the guy if he misses a shot in the final minute.",reactionary
"The front office should panic after this loss.",reactionary
"They are going nowhere because the offense looked bad for one half.",reactionary
"That team is cursed and will never win.",reactionary
"The defense is hopeless because they allowed too many threes tonight.",reactionary
"The trade failed because the new player had one quiet game.",reactionary
"They should waive the backup guard after that turnover.",reactionary
"Their championship window closed tonight.",reactionary
"This is the most unserious team in basketball.",reactionary
"LeFraud is back again.",low_effort
"Refs fans eating good tonight.",low_effort
"That boy is cooked.",low_effort
"Certified brick festival.",low_effort
"Generational cardio session.",low_effort
"Bro thought he was him.",low_effort
"Poverty franchise behavior.",low_effort
"Delete the team.",low_effort
"Ball does not lie.",low_effort
"Legacy points deducted.",low_effort
"Send him to China.",low_effort
"Not my MVP.",low_effort
"Fraud watch is active.",low_effort
"Pack it up.",low_effort
"He got clamped by air.",low_effort
"That was nasty work.",low_effort
"Built different, unfortunately bad.",low_effort
"Imagine paying money to watch this.",low_effort
"Pure comedy.",low_effort
"Hall of fame bricklayer.",low_effort
"Just vibes and turnovers.",low_effort
"NPC offense.",low_effort
"Cooked beyond repair.",low_effort
"Someone check the rim.",low_effort
"Bro is fighting ghosts.",low_effort
"Mid-off of the century.",low_effort
"Basketball terrorism.",low_effort
"He sold the bag.",low_effort
"Peak unserious hoops.",low_effort
"Make-A-Wish defense.",low_effort
"Shaqtin moment.",low_effort
"This is nasty agenda work.",low_effort
"Delete the highlight.",low_effort
"That pass had no address.",low_effort
"Pray for the fans.",low_effort
"Cardio king.",low_effort
"Bro woke up and chose bricks.",low_effort
"Certified clown show.",low_effort
"That shot needs a passport.",low_effort
"Defense optional tonight.",low_effort
"Pain.",low_effort
"LOL what was that.",low_effort
"Main character syndrome.",low_effort
"Rim protection left the chat.",low_effort
"Turnover merchant.",low_effort
"Brick city.",low_effort
"Agenda never sleeps.",low_effort
"Someone call security.",low_effort
"This game is a meme.",low_effort
"Absolutely unserious.",low_effort
"Who is starting at center tonight?",neutral
"What time does the game start?",neutral
"Is the injury report out yet?",neutral
"How many games are left in the season?",neutral
"Who has the tiebreaker between these teams?",neutral
"Where can I watch the game?",neutral
"Did the coach say anything after practice?",neutral
"How many minutes did the rookie play?",neutral
"What was the final score?",neutral
"Is this game on national TV?",neutral
"Who led the team in rebounds?",neutral
"Does anyone know when the trade deadline is?",neutral
"How many fouls did he have?",neutral
"Was that challenge successful?",neutral
"Who is available off the bench tonight?",neutral
"What seed are they currently?",neutral
"How many assists did the point guard finish with?",neutral
"Is the starting lineup confirmed?",neutral
"Did the team announce the MRI results?",neutral
"What pick did they use on him?",neutral
"How long is his contract?",neutral
"Who won the season series?",neutral
"What is their record at home?",neutral
"Is he still on a minutes restriction?",neutral
"How many turnovers did they have?",neutral
"When is their next road game?",neutral
"Who is the backup center now?",neutral
"Did they call a timeout before that possession?",neutral
"What was the attendance tonight?",neutral
"How many threes did they attempt?",neutral
"Is the game delayed?",neutral
"Who is announcing the game?",neutral
"What channel is carrying the broadcast?",neutral
"How many points did he score in the fourth quarter?",neutral
"Did the rookie get assigned to the G League?",neutral
"Who is listed as questionable?",neutral
"When does the playoff schedule come out?",neutral
"How many games are in the losing streak?",neutral
"What is the salary cap number for next season?",neutral
"Did the team use its challenge already?",neutral
"Who replaced him in the rotation?",neutral
"How many minutes did the starters play?",neutral
"Is the box score updated?",neutral
"Which arena is the game in tonight?",neutral
"Who is the referee crew?",neutral
"Did the player return after halftime?",neutral
"What was the halftime score?",neutral
"How many offensive rebounds did they get?",neutral
"Is the press conference available online?",neutral
"Who has the better net rating this month?",neutral